{
  "adapter_id": "system/docs/adapteros/r003",
  "config": {
    "alpha": 32.0,
    "epochs": 3,
    "hidden_dim": 768,
    "learning_rate": 0.00009999999747378752,
    "rank": 16
  },
  "created_at": "2025-11-30T04:09:02.820531+00:00",
  "doc_count": 340,
  "example_count": 7201,
  "final_loss": 0.29247111082077026,
  "revision": "r003",
  "training_time_ms": 833
}